Timestamp,Test_Result,Test_Description,Error_Message,RX_Seq,TX_Seq,Config_SIZE,Config_OFFSET,RX_Data,RX_Offset,RX_Size,TX_Data,TX_Offset,TX_Size,Checks_Passed,Checks_Failed,Golden_Expected,RX_Contributors
1275000,PASS,"Data Alignment Verification","Alignment check passed",1,1,2,2,0x7c3f0feb,0,1,0x7eeb0000,2,2,0,0,0x7eeb0000,"(RX#1: data=0x7c3f0feb, off=0, size=1, bytes=[0:0xeb]) (RX#2: data=0xa57ea77e, off=0, size=4, bytes=[0:0x7e]) "
1285000,PASS,"Data Alignment Verification","Alignment check passed",2,2,2,2,0xa57ea77e,0,4,0x7ea70000,2,2,0,0,0x7ea70000,"(RX#2: data=0xa57ea77e, off=0, size=4, bytes=[1:0xa7, 2:0x7e]) "
1305000,PASS,"Data Alignment Verification","Alignment check passed",2,3,2,2,0xa57ea77e,0,4,0x88a50000,2,2,0,0,0x88a50000,"(RX#2: data=0xa57ea77e, off=0, size=4, bytes=[3:0xa5]) (RX#3: data=0xd5484f88, off=0, size=1, bytes=[0:0x88]) "
1315000,PASS,"Data Alignment Verification","Alignment check passed",4,4,2,2,0xcffc06fb,0,2,0x06fb0000,2,2,0,0,0x06fb0000,"(RX#4: data=0xcffc06fb, off=0, size=2, bytes=[0:0xfb, 1:0x06]) "
1335000,PASS,"Data Alignment Verification","Alignment check passed",5,5,2,2,0x6b9dee4d,0,1,0x654d0000,2,2,0,0,0x654d0000,"(RX#5: data=0x6b9dee4d, off=0, size=1, bytes=[0:0x4d]) (RX#6: data=0x8a7be165, off=0, size=4, bytes=[0:0x65]) "
1345000,PASS,"Data Alignment Verification","Alignment check passed",6,6,2,2,0x8a7be165,0,4,0x7be10000,2,2,0,0,0x7be10000,"(RX#6: data=0x8a7be165, off=0, size=4, bytes=[1:0xe1, 2:0x7b]) "
1365000,PASS,"Data Alignment Verification","Alignment check passed",6,7,2,2,0x8a7be165,0,4,0x8c8a0000,2,2,0,0,0x8c8a0000,"(RX#6: data=0x8a7be165, off=0, size=4, bytes=[3:0x8a]) (RX#7: data=0x658c041a, off=2, size=2, bytes=[2:0x8c]) "
1385000,PASS,"Data Alignment Verification","Alignment check passed",7,8,2,2,0x658c041a,2,2,0xdc650000,2,2,0,0,0xdc650000,"(RX#7: data=0x658c041a, off=2, size=2, bytes=[3:0x65]) (RX#8: data=0xa894dc26, off=1, size=1, bytes=[1:0xdc]) "
1405000,PASS,"Data Alignment Verification","Alignment check passed",9,9,2,2,0x3c494e89,3,1,0x2d3c0000,2,2,0,0,0x2d3c0000,"(RX#9: data=0x3c494e89, off=3, size=1, bytes=[3:0x3c]) (RX#10: data=0xe72dede3, off=2, size=2, bytes=[2:0x2d]) "
1425000,PASS,"Data Alignment Verification","Alignment check passed",10,10,2,2,0xe72dede3,2,2,0x39e70000,2,2,0,0,0x39e70000,"(RX#10: data=0xe72dede3, off=2, size=2, bytes=[3:0xe7]) (RX#11: data=0x05f54e39, off=0, size=4, bytes=[0:0x39]) "
1435000,PASS,"Data Alignment Verification","Alignment check passed",11,11,2,2,0x05f54e39,0,4,0xf54e0000,2,2,0,0,0xf54e0000,"(RX#11: data=0x05f54e39, off=0, size=4, bytes=[1:0x4e, 2:0xf5]) "
1455000,PASS,"Data Alignment Verification","Alignment check passed",11,12,2,2,0x05f54e39,0,4,0x62050000,2,2,0,0,0x62050000,"(RX#11: data=0x05f54e39, off=0, size=4, bytes=[3:0x05]) (RX#12: data=0x95d73d62, off=0, size=1, bytes=[0:0x62]) "
1475000,PASS,"Data Alignment Verification","Alignment check passed",13,13,2,2,0x7ce37b76,3,1,0x817c0000,2,2,0,0,0x817c0000,"(RX#13: data=0x7ce37b76, off=3, size=1, bytes=[3:0x7c]) (RX#14: data=0x6a373b81, off=0, size=4, bytes=[0:0x81]) "
1485000,PASS,"Data Alignment Verification","Alignment check passed",14,14,2,2,0x6a373b81,0,4,0x373b0000,2,2,0,0,0x373b0000,"(RX#14: data=0x6a373b81, off=0, size=4, bytes=[1:0x3b, 2:0x37]) "
1505000,PASS,"Data Alignment Verification","Alignment check passed",14,15,2,2,0x6a373b81,0,4,0xf36a0000,2,2,0,0,0xf36a0000,"(RX#14: data=0x6a373b81, off=0, size=4, bytes=[3:0x6a]) (RX#15: data=0x90c458f3, off=0, size=4, bytes=[0:0xf3]) "
1515000,PASS,"Data Alignment Verification","Alignment check passed",15,16,2,2,0x90c458f3,0,4,0xc4580000,2,2,0,0,0xc4580000,"(RX#15: data=0x90c458f3, off=0, size=4, bytes=[1:0x58, 2:0xc4]) "
1535000,PASS,"Data Alignment Verification","Alignment check passed",15,17,2,2,0x90c458f3,0,4,0x0a900000,2,2,0,0,0x0a900000,"(RX#15: data=0x90c458f3, off=0, size=4, bytes=[3:0x90]) (RX#16: data=0x420a0be3, off=2, size=2, bytes=[2:0x0a]) "
1555000,PASS,"Data Alignment Verification","Alignment check passed",16,18,2,2,0x420a0be3,2,2,0x98420000,2,2,0,0,0x98420000,"(RX#16: data=0x420a0be3, off=2, size=2, bytes=[3:0x42]) (RX#17: data=0xc76ad998, off=0, size=4, bytes=[0:0x98]) "
1565000,PASS,"Data Alignment Verification","Alignment check passed",17,19,2,2,0xc76ad998,0,4,0x6ad90000,2,2,0,0,0x6ad90000,"(RX#17: data=0xc76ad998, off=0, size=4, bytes=[1:0xd9, 2:0x6a]) "
1585000,PASS,"Data Alignment Verification","Alignment check passed",17,20,2,2,0xc76ad998,0,4,0x85c70000,2,2,0,0,0x85c70000,"(RX#17: data=0xc76ad998, off=0, size=4, bytes=[3:0xc7]) (RX#18: data=0x85ab31f5, off=3, size=1, bytes=[3:0x85]) "
1595000,PASS,"Data Alignment Verification","Alignment check passed",19,21,2,2,0xecf338d0,0,4,0x38d00000,2,2,0,0,0x38d00000,"(RX#19: data=0xecf338d0, off=0, size=4, bytes=[0:0xd0, 1:0x38]) "
1605000,PASS,"Data Alignment Verification","Alignment check passed",19,22,2,2,0xecf338d0,0,4,0xecf30000,2,2,0,0,0xecf30000,"(RX#19: data=0xecf338d0, off=0, size=4, bytes=[2:0xf3, 3:0xec]) "
1615000,PASS,"Data Alignment Verification","Alignment check passed",20,23,2,2,0xac67b7c7,2,2,0xac670000,2,2,0,0,0xac670000,"(RX#20: data=0xac67b7c7, off=2, size=2, bytes=[2:0x67, 3:0xac]) "
1625000,PASS,"Data Alignment Verification","Alignment check passed",21,24,2,2,0x0159cd48,0,4,0xcd480000,2,2,0,0,0xcd480000,"(RX#21: data=0x0159cd48, off=0, size=4, bytes=[0:0x48, 1:0xcd]) "
1635000,PASS,"Data Alignment Verification","Alignment check passed",21,25,2,2,0x0159cd48,0,4,0x01590000,2,2,0,0,0x01590000,"(RX#21: data=0x0159cd48, off=0, size=4, bytes=[2:0x59, 3:0x01]) "
1645000,PASS,"Data Alignment Verification","Alignment check passed",22,26,2,2,0x421e89f1,2,2,0x421e0000,2,2,0,0,0x421e0000,"(RX#22: data=0x421e89f1, off=2, size=2, bytes=[2:0x1e, 3:0x42]) "
1655000,PASS,"Data Alignment Verification","Alignment check passed",23,27,2,2,0x1fc938a5,0,4,0x38a50000,2,2,0,0,0x38a50000,"(RX#23: data=0x1fc938a5, off=0, size=4, bytes=[0:0xa5, 1:0x38]) "
1665000,PASS,"Data Alignment Verification","Alignment check passed",23,28,2,2,0x1fc938a5,0,4,0x1fc90000,2,2,0,0,0x1fc90000,"(RX#23: data=0x1fc938a5, off=0, size=4, bytes=[2:0xc9, 3:0x1f]) "
1685000,PASS,"Data Alignment Verification","Alignment check passed",24,29,2,2,0x07b5f855,0,1,0xd6550000,2,2,0,0,0xd6550000,"(RX#24: data=0x07b5f855, off=0, size=1, bytes=[0:0x55]) (RX#25: data=0x903fd69e, off=1, size=1, bytes=[1:0xd6]) "
1695000,PASS,"Data Alignment Verification","Alignment check passed",26,30,2,2,0xa485eab1,2,2,0xa4850000,2,2,0,0,0xa4850000,"(RX#26: data=0xa485eab1, off=2, size=2, bytes=[2:0x85, 3:0xa4]) "
1715000,PASS,"Data Alignment Verification","Alignment check passed",27,31,2,2,0x12588c27,1,1,0xe38c0000,2,2,0,0,0xe38c0000,"(RX#27: data=0x12588c27, off=1, size=1, bytes=[1:0x8c]) (RX#28: data=0x7c9b42e3, off=0, size=4, bytes=[0:0xe3]) "
1725000,PASS,"Data Alignment Verification","Alignment check passed",28,32,2,2,0x7c9b42e3,0,4,0x9b420000,2,2,0,0,0x9b420000,"(RX#28: data=0x7c9b42e3, off=0, size=4, bytes=[1:0x42, 2:0x9b]) "
1745000,PASS,"Data Alignment Verification","Alignment check passed",28,33,2,2,0x7c9b42e3,0,4,0x447c0000,2,2,0,0,0x447c0000,"(RX#28: data=0x7c9b42e3, off=0, size=4, bytes=[3:0x7c]) (RX#29: data=0xc715ac44, off=0, size=1, bytes=[0:0x44]) "
1755000,PASS,"Data Alignment Verification","Alignment check passed",30,34,2,2,0x92bc53d7,2,2,0x92bc0000,2,2,0,0,0x92bc0000,"(RX#30: data=0x92bc53d7, off=2, size=2, bytes=[2:0xbc, 3:0x92]) "
1775000,PASS,"Data Alignment Verification","Alignment check passed",31,35,2,2,0xb73fd59c,1,1,0x4fd50000,2,2,0,0,0x4fd50000,"(RX#31: data=0xb73fd59c, off=1, size=1, bytes=[1:0xd5]) (RX#32: data=0xc74f47c8, off=2, size=1, bytes=[2:0x4f]) "
1785000,PASS,"Data Alignment Verification","Alignment check passed",33,36,2,2,0x80b47125,2,2,0x80b40000,2,2,0,0,0x80b40000,"(RX#33: data=0x80b47125, off=2, size=2, bytes=[2:0xb4, 3:0x80]) "
1805000,PASS,"Data Alignment Verification","Alignment check passed",34,37,2,2,0xd2ebf083,2,1,0x0feb0000,2,2,0,0,0x0feb0000,"(RX#34: data=0xd2ebf083, off=2, size=1, bytes=[2:0xeb]) (RX#35: data=0xaf606c0f, off=0, size=4, bytes=[0:0x0f]) "
1815000,PASS,"Data Alignment Verification","Alignment check passed",35,38,2,2,0xaf606c0f,0,4,0x606c0000,2,2,0,0,0x606c0000,"(RX#35: data=0xaf606c0f, off=0, size=4, bytes=[1:0x6c, 2:0x60]) "
1835000,PASS,"Data Alignment Verification","Alignment check passed",35,39,2,2,0xaf606c0f,0,4,0x15af0000,2,2,0,0,0x15af0000,"(RX#35: data=0xaf606c0f, off=0, size=4, bytes=[3:0xaf]) (RX#36: data=0xb7f7ba15, off=0, size=2, bytes=[0:0x15]) "
1855000,PASS,"Data Alignment Verification","Alignment check passed",36,40,2,2,0xb7f7ba15,0,2,0x87ba0000,2,2,0,0,0x87ba0000,"(RX#36: data=0xb7f7ba15, off=0, size=2, bytes=[1:0xba]) (RX#37: data=0xb68732b1, off=2, size=1, bytes=[2:0x87]) "
1875000,PASS,"Data Alignment Verification","Alignment check passed",38,41,2,2,0x2cce3f2c,3,1,0xb92c0000,2,2,0,0,0xb92c0000,"(RX#38: data=0x2cce3f2c, off=3, size=1, bytes=[3:0x2c]) (RX#39: data=0xb0b9f1b4, off=2, size=2, bytes=[2:0xb9]) "
1895000,PASS,"Data Alignment Verification","Alignment check passed",39,42,2,2,0xb0b9f1b4,2,2,0x2fb00000,2,2,0,0,0x2fb00000,"(RX#39: data=0xb0b9f1b4, off=2, size=2, bytes=[3:0xb0]) (RX#40: data=0x8ee96c2f, off=0, size=4, bytes=[0:0x2f]) "
1905000,PASS,"Data Alignment Verification","Alignment check passed",40,43,2,2,0x8ee96c2f,0,4,0xe96c0000,2,2,0,0,0xe96c0000,"(RX#40: data=0x8ee96c2f, off=0, size=4, bytes=[1:0x6c, 2:0xe9]) "
1925000,PASS,"Data Alignment Verification","Alignment check passed",40,44,2,2,0x8ee96c2f,0,4,0xea8e0000,2,2,0,0,0xea8e0000,"(RX#40: data=0x8ee96c2f, off=0, size=4, bytes=[3:0x8e]) (RX#41: data=0xc21db5ea, off=0, size=2, bytes=[0:0xea]) "
1945000,PASS,"Data Alignment Verification","Alignment check passed",41,45,2,2,0xc21db5ea,0,2,0x60b50000,2,2,0,0,0x60b50000,"(RX#41: data=0xc21db5ea, off=0, size=2, bytes=[1:0xb5]) (RX#42: data=0x9a606cb4, off=2, size=1, bytes=[2:0x60]) "
1955000,PASS,"Data Alignment Verification","Alignment check passed",43,46,2,2,0xc55eaf31,0,2,0xaf310000,2,2,0,0,0xaf310000,"(RX#43: data=0xc55eaf31, off=0, size=2, bytes=[0:0x31, 1:0xaf]) "
1975000,PASS,"Data Alignment Verification","Alignment check passed",44,47,2,2,0x357fb36a,1,1,0xaab30000,2,2,0,0,0xaab30000,"(RX#44: data=0x357fb36a, off=1, size=1, bytes=[1:0xb3]) (RX#45: data=0xaad8835f, off=3, size=1, bytes=[3:0xaa]) "
1995000,PASS,"Data Alignment Verification","Alignment check passed",46,48,2,2,0xbb015b25,1,1,0x0f5b0000,2,2,0,0,0x0f5b0000,"(RX#46: data=0xbb015b25, off=1, size=1, bytes=[1:0x5b]) (RX#47: data=0x210f3556, off=2, size=1, bytes=[2:0x0f]) "
2015000,PASS,"Data Alignment Verification","Alignment check passed",48,49,2,2,0x982bc03b,3,1,0x66980000,2,2,0,0,0x66980000,"(RX#48: data=0x982bc03b, off=3, size=1, bytes=[3:0x98]) (RX#49: data=0x115b6676, off=1, size=1, bytes=[1:0x66]) "
3465000,PASS,"Data Alignment Verification","Alignment check passed",50,50,1,2,0xbb6c396c,2,1,0x006c0000,2,1,0,0,0x006c0000,"(RX#50: data=0xbb6c396c, off=2, size=1, bytes=[2:0x6c]) "
3475000,PASS,"Data Alignment Verification","Alignment check passed",51,51,1,2,0xce62bbf9,0,1,0x00f90000,2,1,0,0,0x00f90000,"(RX#51: data=0xce62bbf9, off=0, size=1, bytes=[0:0xf9]) "
3485000,PASS,"Data Alignment Verification","Alignment check passed",52,52,1,2,0x0ab76d56,2,1,0x00b70000,2,1,0,0,0x00b70000,"(RX#52: data=0x0ab76d56, off=2, size=1, bytes=[2:0xb7]) "
3495000,PASS,"Data Alignment Verification","Alignment check passed",53,53,1,2,0x6b60953b,2,2,0x00600000,2,1,0,0,0x00600000,"(RX#53: data=0x6b60953b, off=2, size=2, bytes=[2:0x60]) "
3505000,PASS,"Data Alignment Verification","Alignment check passed",53,54,1,2,0x6b60953b,2,2,0x006b0000,2,1,0,0,0x006b0000,"(RX#53: data=0x6b60953b, off=2, size=2, bytes=[3:0x6b]) "
3515000,PASS,"Data Alignment Verification","Alignment check passed",54,55,1,2,0x5d60167f,0,2,0x007f0000,2,1,0,0,0x007f0000,"(RX#54: data=0x5d60167f, off=0, size=2, bytes=[0:0x7f]) "
3525000,PASS,"Data Alignment Verification","Alignment check passed",54,56,1,2,0x5d60167f,0,2,0x00160000,2,1,0,0,0x00160000,"(RX#54: data=0x5d60167f, off=0, size=2, bytes=[1:0x16]) "
3535000,PASS,"Data Alignment Verification","Alignment check passed",55,57,1,2,0xe5fa3005,2,1,0x00fa0000,2,1,0,0,0x00fa0000,"(RX#55: data=0xe5fa3005, off=2, size=1, bytes=[2:0xfa]) "
3545000,PASS,"Data Alignment Verification","Alignment check passed",56,58,1,2,0xb77e116e,2,2,0x007e0000,2,1,0,0,0x007e0000,"(RX#56: data=0xb77e116e, off=2, size=2, bytes=[2:0x7e]) "
3555000,PASS,"Data Alignment Verification","Alignment check passed",56,59,1,2,0xb77e116e,2,2,0x00b70000,2,1,0,0,0x00b70000,"(RX#56: data=0xb77e116e, off=2, size=2, bytes=[3:0xb7]) "
3565000,PASS,"Data Alignment Verification","Alignment check passed",57,60,1,2,0x4cc72aaf,3,1,0x004c0000,2,1,0,0,0x004c0000,"(RX#57: data=0x4cc72aaf, off=3, size=1, bytes=[3:0x4c]) "
3575000,PASS,"Data Alignment Verification","Alignment check passed",58,61,1,2,0xb5d99dcc,1,1,0x009d0000,2,1,0,0,0x009d0000,"(RX#58: data=0xb5d99dcc, off=1, size=1, bytes=[1:0x9d]) "
3585000,PASS,"Data Alignment Verification","Alignment check passed",59,62,1,2,0x95511ecf,3,1,0x00950000,2,1,0,0,0x00950000,"(RX#59: data=0x95511ecf, off=3, size=1, bytes=[3:0x95]) "
3595000,PASS,"Data Alignment Verification","Alignment check passed",60,63,1,2,0xc4c54036,2,1,0x00c50000,2,1,0,0,0x00c50000,"(RX#60: data=0xc4c54036, off=2, size=1, bytes=[2:0xc5]) "
3605000,PASS,"Data Alignment Verification","Alignment check passed",61,64,1,2,0xe0122040,0,2,0x00400000,2,1,0,0,0x00400000,"(RX#61: data=0xe0122040, off=0, size=2, bytes=[0:0x40]) "
3615000,PASS,"Data Alignment Verification","Alignment check passed",61,65,1,2,0xe0122040,0,2,0x00200000,2,1,0,0,0x00200000,"(RX#61: data=0xe0122040, off=0, size=2, bytes=[1:0x20]) "
3625000,PASS,"Data Alignment Verification","Alignment check passed",62,66,1,2,0xceb122f7,0,2,0x00f70000,2,1,0,0,0x00f70000,"(RX#62: data=0xceb122f7, off=0, size=2, bytes=[0:0xf7]) "
3635000,PASS,"Data Alignment Verification","Alignment check passed",62,67,1,2,0xceb122f7,0,2,0x00220000,2,1,0,0,0x00220000,"(RX#62: data=0xceb122f7, off=0, size=2, bytes=[1:0x22]) "
3645000,PASS,"Data Alignment Verification","Alignment check passed",63,68,1,2,0xcb619be2,0,1,0x00e20000,2,1,0,0,0x00e20000,"(RX#63: data=0xcb619be2, off=0, size=1, bytes=[0:0xe2]) "
3655000,PASS,"Data Alignment Verification","Alignment check passed",64,69,1,2,0x175fc420,1,1,0x00c40000,2,1,0,0,0x00c40000,"(RX#64: data=0x175fc420, off=1, size=1, bytes=[1:0xc4]) "
3665000,PASS,"Data Alignment Verification","Alignment check passed",65,70,1,2,0x4992507c,0,2,0x007c0000,2,1,0,0,0x007c0000,"(RX#65: data=0x4992507c, off=0, size=2, bytes=[0:0x7c]) "
3675000,PASS,"Data Alignment Verification","Alignment check passed",65,71,1,2,0x4992507c,0,2,0x00500000,2,1,0,0,0x00500000,"(RX#65: data=0x4992507c, off=0, size=2, bytes=[1:0x50]) "
3685000,PASS,"Data Alignment Verification","Alignment check passed",66,72,1,2,0xadd791fe,0,4,0x00fe0000,2,1,0,0,0x00fe0000,"(RX#66: data=0xadd791fe, off=0, size=4, bytes=[0:0xfe]) "
3695000,PASS,"Data Alignment Verification","Alignment check passed",66,73,1,2,0xadd791fe,0,4,0x00910000,2,1,0,0,0x00910000,"(RX#66: data=0xadd791fe, off=0, size=4, bytes=[1:0x91]) "
3705000,PASS,"Data Alignment Verification","Alignment check passed",66,74,1,2,0xadd791fe,0,4,0x00d70000,2,1,0,0,0x00d70000,"(RX#66: data=0xadd791fe, off=0, size=4, bytes=[2:0xd7]) "
3715000,PASS,"Data Alignment Verification","Alignment check passed",66,75,1,2,0xadd791fe,0,4,0x00ad0000,2,1,0,0,0x00ad0000,"(RX#66: data=0xadd791fe, off=0, size=4, bytes=[3:0xad]) "
3725000,PASS,"Data Alignment Verification","Alignment check passed",67,76,1,2,0x4f4bf8ba,2,2,0x004b0000,2,1,0,0,0x004b0000,"(RX#67: data=0x4f4bf8ba, off=2, size=2, bytes=[2:0x4b]) "
3735000,PASS,"Data Alignment Verification","Alignment check passed",67,77,1,2,0x4f4bf8ba,2,2,0x004f0000,2,1,0,0,0x004f0000,"(RX#67: data=0x4f4bf8ba, off=2, size=2, bytes=[3:0x4f]) "
3745000,PASS,"Data Alignment Verification","Alignment check passed",68,78,1,2,0x4085b24a,0,4,0x004a0000,2,1,0,0,0x004a0000,"(RX#68: data=0x4085b24a, off=0, size=4, bytes=[0:0x4a]) "
3755000,PASS,"Data Alignment Verification","Alignment check passed",68,79,1,2,0x4085b24a,0,4,0x00b20000,2,1,0,0,0x00b20000,"(RX#68: data=0x4085b24a, off=0, size=4, bytes=[1:0xb2]) "
3765000,PASS,"Data Alignment Verification","Alignment check passed",68,80,1,2,0x4085b24a,0,4,0x00850000,2,1,0,0,0x00850000,"(RX#68: data=0x4085b24a, off=0, size=4, bytes=[2:0x85]) "
3775000,PASS,"Data Alignment Verification","Alignment check passed",68,81,1,2,0x4085b24a,0,4,0x00400000,2,1,0,0,0x00400000,"(RX#68: data=0x4085b24a, off=0, size=4, bytes=[3:0x40]) "
3785000,PASS,"Data Alignment Verification","Alignment check passed",69,82,1,2,0x38b5a11a,0,1,0x001a0000,2,1,0,0,0x001a0000,"(RX#69: data=0x38b5a11a, off=0, size=1, bytes=[0:0x1a]) "
3795000,PASS,"Data Alignment Verification","Alignment check passed",70,83,1,2,0x7617b016,2,1,0x00170000,2,1,0,0,0x00170000,"(RX#70: data=0x7617b016, off=2, size=1, bytes=[2:0x17]) "
3805000,PASS,"Data Alignment Verification","Alignment check passed",71,84,1,2,0xbd6f2c55,0,1,0x00550000,2,1,0,0,0x00550000,"(RX#71: data=0xbd6f2c55, off=0, size=1, bytes=[0:0x55]) "
3815000,PASS,"Data Alignment Verification","Alignment check passed",72,85,1,2,0x48956193,1,1,0x00610000,2,1,0,0,0x00610000,"(RX#72: data=0x48956193, off=1, size=1, bytes=[1:0x61]) "
3825000,PASS,"Data Alignment Verification","Alignment check passed",73,86,1,2,0xceac4352,3,1,0x00ce0000,2,1,0,0,0x00ce0000,"(RX#73: data=0xceac4352, off=3, size=1, bytes=[3:0xce]) "
3835000,PASS,"Data Alignment Verification","Alignment check passed",74,87,1,2,0xbb335ec5,0,1,0x00c50000,2,1,0,0,0x00c50000,"(RX#74: data=0xbb335ec5, off=0, size=1, bytes=[0:0xc5]) "
3845000,PASS,"Data Alignment Verification","Alignment check passed",75,88,1,2,0x429989a5,1,1,0x00890000,2,1,0,0,0x00890000,"(RX#75: data=0x429989a5, off=1, size=1, bytes=[1:0x89]) "
3855000,PASS,"Data Alignment Verification","Alignment check passed",76,89,1,2,0x1f559113,0,2,0x00130000,2,1,0,0,0x00130000,"(RX#76: data=0x1f559113, off=0, size=2, bytes=[0:0x13]) "
3865000,PASS,"Data Alignment Verification","Alignment check passed",76,90,1,2,0x1f559113,0,2,0x00910000,2,1,0,0,0x00910000,"(RX#76: data=0x1f559113, off=0, size=2, bytes=[1:0x91]) "
3875000,PASS,"Data Alignment Verification","Alignment check passed",77,91,1,2,0xa7933fdf,1,1,0x003f0000,2,1,0,0,0x003f0000,"(RX#77: data=0xa7933fdf, off=1, size=1, bytes=[1:0x3f]) "
3885000,PASS,"Data Alignment Verification","Alignment check passed",78,92,1,2,0x7d275eb3,0,2,0x00b30000,2,1,0,0,0x00b30000,"(RX#78: data=0x7d275eb3, off=0, size=2, bytes=[0:0xb3]) "
3895000,PASS,"Data Alignment Verification","Alignment check passed",78,93,1,2,0x7d275eb3,0,2,0x005e0000,2,1,0,0,0x005e0000,"(RX#78: data=0x7d275eb3, off=0, size=2, bytes=[1:0x5e]) "
3905000,PASS,"Data Alignment Verification","Alignment check passed",79,94,1,2,0x084d2d07,3,1,0x00080000,2,1,0,0,0x00080000,"(RX#79: data=0x084d2d07, off=3, size=1, bytes=[3:0x08]) "
3915000,PASS,"Data Alignment Verification","Alignment check passed",80,95,1,2,0x02dcb86e,2,2,0x00dc0000,2,1,0,0,0x00dc0000,"(RX#80: data=0x02dcb86e, off=2, size=2, bytes=[2:0xdc]) "
3925000,PASS,"Data Alignment Verification","Alignment check passed",80,96,1,2,0x02dcb86e,2,2,0x00020000,2,1,0,0,0x00020000,"(RX#80: data=0x02dcb86e, off=2, size=2, bytes=[3:0x02]) "
3935000,PASS,"Data Alignment Verification","Alignment check passed",81,97,1,2,0x4dc98bf6,0,1,0x00f60000,2,1,0,0,0x00f60000,"(RX#81: data=0x4dc98bf6, off=0, size=1, bytes=[0:0xf6]) "
3945000,PASS,"Data Alignment Verification","Alignment check passed",82,98,1,2,0x597043b2,0,2,0x00b20000,2,1,0,0,0x00b20000,"(RX#82: data=0x597043b2, off=0, size=2, bytes=[0:0xb2]) "
3955000,PASS,"Data Alignment Verification","Alignment check passed",82,99,1,2,0x597043b2,0,2,0x00430000,2,1,0,0,0x00430000,"(RX#82: data=0x597043b2, off=0, size=2, bytes=[1:0x43]) "
3965000,PASS,"Data Alignment Verification","Alignment check passed",83,100,1,2,0xc05ce04a,1,1,0x00e00000,2,1,0,0,0x00e00000,"(RX#83: data=0xc05ce04a, off=1, size=1, bytes=[1:0xe0]) "
3975000,PASS,"Data Alignment Verification","Alignment check passed",84,101,1,2,0x8674a294,1,1,0x00a20000,2,1,0,0,0x00a20000,"(RX#84: data=0x8674a294, off=1, size=1, bytes=[1:0xa2]) "
3985000,PASS,"Data Alignment Verification","Alignment check passed",85,102,1,2,0x69003c9f,0,2,0x009f0000,2,1,0,0,0x009f0000,"(RX#85: data=0x69003c9f, off=0, size=2, bytes=[0:0x9f]) "
3995000,PASS,"Data Alignment Verification","Alignment check passed",85,103,1,2,0x69003c9f,0,2,0x003c0000,2,1,0,0,0x003c0000,"(RX#85: data=0x69003c9f, off=0, size=2, bytes=[1:0x3c]) "
4005000,PASS,"Data Alignment Verification","Alignment check passed",86,104,1,2,0x6d6c1957,2,2,0x006c0000,2,1,0,0,0x006c0000,"(RX#86: data=0x6d6c1957, off=2, size=2, bytes=[2:0x6c]) "
4015000,PASS,"Data Alignment Verification","Alignment check passed",86,105,1,2,0x6d6c1957,2,2,0x006d0000,2,1,0,0,0x006d0000,"(RX#86: data=0x6d6c1957, off=2, size=2, bytes=[3:0x6d]) "
4025000,PASS,"Data Alignment Verification","Alignment check passed",87,106,1,2,0x83f4572c,2,1,0x00f40000,2,1,0,0,0x00f40000,"(RX#87: data=0x83f4572c, off=2, size=1, bytes=[2:0xf4]) "
4035000,PASS,"Data Alignment Verification","Alignment check passed",88,107,1,2,0xa34a5436,0,1,0x00360000,2,1,0,0,0x00360000,"(RX#88: data=0xa34a5436, off=0, size=1, bytes=[0:0x36]) "
4045000,PASS,"Data Alignment Verification","Alignment check passed",89,108,1,2,0x670152a5,3,1,0x00670000,2,1,0,0,0x00670000,"(RX#89: data=0x670152a5, off=3, size=1, bytes=[3:0x67]) "
4055000,PASS,"Data Alignment Verification","Alignment check passed",90,109,1,2,0x64588ce7,3,1,0x00640000,2,1,0,0,0x00640000,"(RX#90: data=0x64588ce7, off=3, size=1, bytes=[3:0x64]) "
4065000,PASS,"Data Alignment Verification","Alignment check passed",91,110,1,2,0x18076bc5,0,4,0x00c50000,2,1,0,0,0x00c50000,"(RX#91: data=0x18076bc5, off=0, size=4, bytes=[0:0xc5]) "
4075000,PASS,"Data Alignment Verification","Alignment check passed",91,111,1,2,0x18076bc5,0,4,0x006b0000,2,1,0,0,0x006b0000,"(RX#91: data=0x18076bc5, off=0, size=4, bytes=[1:0x6b]) "
4085000,PASS,"Data Alignment Verification","Alignment check passed",91,112,1,2,0x18076bc5,0,4,0x00070000,2,1,0,0,0x00070000,"(RX#91: data=0x18076bc5, off=0, size=4, bytes=[2:0x07]) "
4095000,PASS,"Data Alignment Verification","Alignment check passed",91,113,1,2,0x18076bc5,0,4,0x00180000,2,1,0,0,0x00180000,"(RX#91: data=0x18076bc5, off=0, size=4, bytes=[3:0x18]) "
4105000,PASS,"Data Alignment Verification","Alignment check passed",92,114,1,2,0x1322faf9,0,2,0x00f90000,2,1,0,0,0x00f90000,"(RX#92: data=0x1322faf9, off=0, size=2, bytes=[0:0xf9]) "
4115000,PASS,"Data Alignment Verification","Alignment check passed",92,115,1,2,0x1322faf9,0,2,0x00fa0000,2,1,0,0,0x00fa0000,"(RX#92: data=0x1322faf9, off=0, size=2, bytes=[1:0xfa]) "
4125000,PASS,"Data Alignment Verification","Alignment check passed",93,116,1,2,0xa45530dc,3,1,0x00a40000,2,1,0,0,0x00a40000,"(RX#93: data=0xa45530dc, off=3, size=1, bytes=[3:0xa4]) "
4135000,PASS,"Data Alignment Verification","Alignment check passed",94,117,1,2,0xea587df2,0,4,0x00f20000,2,1,0,0,0x00f20000,"(RX#94: data=0xea587df2, off=0, size=4, bytes=[0:0xf2]) "
4145000,PASS,"Data Alignment Verification","Alignment check passed",94,118,1,2,0xea587df2,0,4,0x007d0000,2,1,0,0,0x007d0000,"(RX#94: data=0xea587df2, off=0, size=4, bytes=[1:0x7d]) "
4155000,PASS,"Data Alignment Verification","Alignment check passed",94,119,1,2,0xea587df2,0,4,0x00580000,2,1,0,0,0x00580000,"(RX#94: data=0xea587df2, off=0, size=4, bytes=[2:0x58]) "
4165000,PASS,"Data Alignment Verification","Alignment check passed",94,120,1,2,0xea587df2,0,4,0x00ea0000,2,1,0,0,0x00ea0000,"(RX#94: data=0xea587df2, off=0, size=4, bytes=[3:0xea]) "
4175000,PASS,"Data Alignment Verification","Alignment check passed",95,121,1,2,0x7a7df515,3,1,0x007a0000,2,1,0,0,0x007a0000,"(RX#95: data=0x7a7df515, off=3, size=1, bytes=[3:0x7a]) "
4185000,PASS,"Data Alignment Verification","Alignment check passed",96,122,1,2,0xc4a460c2,1,1,0x00600000,2,1,0,0,0x00600000,"(RX#96: data=0xc4a460c2, off=1, size=1, bytes=[1:0x60]) "
4195000,PASS,"Data Alignment Verification","Alignment check passed",97,123,1,2,0x8148ea2f,2,2,0x00480000,2,1,0,0,0x00480000,"(RX#97: data=0x8148ea2f, off=2, size=2, bytes=[2:0x48]) "
4205000,PASS,"Data Alignment Verification","Alignment check passed",97,124,1,2,0x8148ea2f,2,2,0x00810000,2,1,0,0,0x00810000,"(RX#97: data=0x8148ea2f, off=2, size=2, bytes=[3:0x81]) "
4215000,PASS,"Data Alignment Verification","Alignment check passed",98,125,1,2,0x6bdfda89,3,1,0x006b0000,2,1,0,0,0x006b0000,"(RX#98: data=0x6bdfda89, off=3, size=1, bytes=[3:0x6b]) "
4225000,PASS,"Data Alignment Verification","Alignment check passed",99,126,1,2,0x6fbd0c1c,1,1,0x000c0000,2,1,0,0,0x000c0000,"(RX#99: data=0x6fbd0c1c, off=1, size=1, bytes=[1:0x0c]) "
4235000,PASS,"Data Alignment Verification","Alignment check passed",100,127,1,2,0x073a59e3,2,2,0x003a0000,2,1,0,0,0x003a0000,"(RX#100: data=0x073a59e3, off=2, size=2, bytes=[2:0x3a]) "
4245000,PASS,"Data Alignment Verification","Alignment check passed",100,128,1,2,0x073a59e3,2,2,0x00070000,2,1,0,0,0x00070000,"(RX#100: data=0x073a59e3, off=2, size=2, bytes=[3:0x07]) "
5635000,PASS,"Illegal Transfer Detection","Illegal transfer correctly detected",101,0,1,2,0x75e7fe00,3,6,NA,NA,NA,0,0,0x00000000,""
5645000,PASS,"Illegal Transfer Detection","Illegal transfer correctly detected",102,0,1,2,0x1f89218c,1,3,NA,NA,NA,0,0,0x00000000,""
5655000,FAIL,"Illegal Transfer Detection","Illegal transfer NOT detected (off=1,size=5)",103,0,1,2,0x8af5fc46,1,5,NA,NA,NA,0,0,0x00000000,""
5665000,PASS,"Illegal Transfer Detection","Illegal transfer correctly detected",104,0,1,2,0x153503e6,1,4,NA,NA,NA,0,0,0x00000000,""
5675000,PASS,"Illegal Transfer Detection","Illegal transfer correctly detected",105,0,1,2,0x7f214da6,1,4,NA,NA,NA,0,0,0x00000000,""
5685000,PASS,"Illegal Transfer Detection","Illegal transfer correctly detected",106,0,1,2,0x67a273d0,2,0,NA,NA,NA,0,0,0x00000000,""
5685000,FAIL,"TX without prior legal RX","No matching legal RX in queue",0,129,1,2,0xxxxxxxxx,x,x,0x00fc0000,2,1,0,0,0x00000000,""
5695000,PASS,"Illegal Transfer Detection","Illegal transfer correctly detected",107,0,1,2,0x30048b5e,0,6,NA,NA,NA,0,0,0x00000000,""
5695000,FAIL,"TX without prior legal RX","No matching legal RX in queue",0,130,1,2,0xxxxxxxxx,x,x,0x00f50000,2,1,0,0,0x00000000,""
5705000,PASS,"Illegal Transfer Detection","Illegal transfer correctly detected",108,0,1,2,0x0628998b,0,0,NA,NA,NA,0,0,0x00000000,""
5705000,FAIL,"TX without prior legal RX","No matching legal RX in queue",0,131,1,2,0xxxxxxxxx,x,x,0x008a0000,2,1,0,0,0x00000000,""
5715000,PASS,"Illegal Transfer Detection","Illegal transfer correctly detected",109,0,1,2,0x23890a02,0,7,NA,NA,NA,0,0,0x00000000,""
5715000,FAIL,"TX without prior legal RX","No matching legal RX in queue",0,132,1,2,0xxxxxxxxx,x,x,0x00000000,2,1,0,0,0x00000000,""
5725000,PASS,"Illegal Transfer Detection","Illegal transfer correctly detected",110,0,1,2,0x492fee92,0,6,NA,NA,NA,0,0,0x00000000,""
5725000,FAIL,"TX without prior legal RX","No matching legal RX in queue",0,133,1,2,0xxxxxxxxx,x,x,0x00000000,2,1,0,0,0x00000000,""
5735000,FAIL,"Illegal Transfer Detection","Illegal transfer NOT detected (off=2,size=6)",111,0,1,2,0x0eb0c138,2,6,NA,NA,NA,0,0,0x00000000,""
5745000,PASS,"Illegal Transfer Detection","Illegal transfer correctly detected",112,0,1,2,0x2d2902b6,3,6,NA,NA,NA,0,0,0x00000000,""
5755000,PASS,"Illegal Transfer Detection","Illegal transfer correctly detected",113,0,1,2,0x9564252b,1,6,NA,NA,NA,0,0,0x00000000,""
5765000,PASS,"Illegal Transfer Detection","Illegal transfer correctly detected",114,0,1,2,0x6cad77e6,0,7,NA,NA,NA,0,0,0x00000000,""
5765000,FAIL,"TX without prior legal RX","No matching legal RX in queue",0,134,1,2,0xxxxxxxxx,x,x,0x00b00000,2,1,0,0,0x00000000,""
5775000,FAIL,"Illegal Transfer Detection","Illegal transfer NOT detected (off=3,size=7)",115,0,1,2,0x45439266,3,7,NA,NA,NA,0,0,0x00000000,""
5775000,FAIL,"TX without prior legal RX","No matching legal RX in queue",0,135,1,2,0xxxxxxxxx,x,x,0x000e0000,2,1,0,0,0x00000000,""
5785000,FAIL,"TX without prior legal RX","No matching legal RX in queue",0,136,1,2,0xxxxxxxxx,x,x,0x00000000,2,1,0,0,0x00000000,""
5795000,FAIL,"TX without prior legal RX","No matching legal RX in queue",0,137,1,2,0xxxxxxxxx,x,x,0x00000000,2,1,0,0,0x00000000,""
5805000,FAIL,"TX without prior legal RX","No matching legal RX in queue",0,138,1,2,0xxxxxxxxx,x,x,0x00000000,2,1,0,0,0x00000000,""
5815000,FAIL,"TX without prior legal RX","No matching legal RX in queue",0,139,1,2,0xxxxxxxxx,x,x,0x00000000,2,1,0,0,0x00000000,""
5825000,FAIL,"TX without prior legal RX","No matching legal RX in queue",0,140,1,2,0xxxxxxxxx,x,x,0x00450000,2,1,0,0,0x00000000,""
5835000,FAIL,"TX without prior legal RX","No matching legal RX in queue",0,141,1,2,0xxxxxxxxx,x,x,0x00000000,2,1,0,0,0x00000000,""
5845000,FAIL,"TX without prior legal RX","No matching legal RX in queue",0,142,1,2,0xxxxxxxxx,x,x,0x00000000,2,1,0,0,0x00000000,""
5855000,FAIL,"TX without prior legal RX","No matching legal RX in queue",0,143,1,2,0xxxxxxxxx,x,x,0x00000000,2,1,0,0,0x00000000,""
5865000,FAIL,"TX without prior legal RX","No matching legal RX in queue",0,144,1,2,0xxxxxxxxx,x,x,0x00000000,2,1,0,0,0x00000000,""
5875000,FAIL,"TX without prior legal RX","No matching legal RX in queue",0,145,1,2,0xxxxxxxxx,x,x,0x00000000,2,1,0,0,0x00000000,""
5885000,FAIL,"TX without prior legal RX","No matching legal RX in queue",0,146,1,2,0xxxxxxxxx,x,x,0x00000000,2,1,0,0,0x00000000,""
7865000,PASS,"Data Alignment Verification","Alignment check passed",116,147,1,0,0xbe492453,0,2,0x00000053,0,1,0,0,0x00000053,"(RX#116: data=0xbe492453, off=0, size=2, bytes=[0:0x53]) "
7875000,PASS,"Data Alignment Verification","Alignment check passed",116,148,1,0,0xbe492453,0,2,0x00000024,0,1,0,0,0x00000024,"(RX#116: data=0xbe492453, off=0, size=2, bytes=[1:0x24]) "
7885000,PASS,"Data Alignment Verification","Alignment check passed",117,149,1,0,0xd961c0da,0,1,0x000000da,0,1,0,0,0x000000da,"(RX#117: data=0xd961c0da, off=0, size=1, bytes=[0:0xda]) "
7895000,PASS,"Data Alignment Verification","Alignment check passed",118,150,1,0,0xd7ee00b8,0,1,0x000000b8,0,1,0,0,0x000000b8,"(RX#118: data=0xd7ee00b8, off=0, size=1, bytes=[0:0xb8]) "
7905000,PASS,"Data Alignment Verification","Alignment check passed",119,151,1,0,0x2287d59e,3,1,0x00000022,0,1,0,0,0x00000022,"(RX#119: data=0x2287d59e, off=3, size=1, bytes=[3:0x22]) "
7915000,PASS,"Data Alignment Verification","Alignment check passed",120,152,1,0,0xe657fdee,1,1,0x000000fd,0,1,0,0,0x000000fd,"(RX#120: data=0xe657fdee, off=1, size=1, bytes=[1:0xfd]) "
7925000,PASS,"Data Alignment Verification","Alignment check passed",121,153,1,0,0x06446a6a,0,2,0x0000006a,0,1,0,0,0x0000006a,"(RX#121: data=0x06446a6a, off=0, size=2, bytes=[0:0x6a]) "
7935000,PASS,"Data Alignment Verification","Alignment check passed",121,154,1,0,0x06446a6a,0,2,0x0000006a,0,1,0,0,0x0000006a,"(RX#121: data=0x06446a6a, off=0, size=2, bytes=[1:0x6a]) "
7945000,PASS,"Data Alignment Verification","Alignment check passed",122,155,1,0,0xcc9e95aa,0,4,0x000000aa,0,1,0,0,0x000000aa,"(RX#122: data=0xcc9e95aa, off=0, size=4, bytes=[0:0xaa]) "
7955000,PASS,"Data Alignment Verification","Alignment check passed",122,156,1,0,0xcc9e95aa,0,4,0x00000095,0,1,0,0,0x00000095,"(RX#122: data=0xcc9e95aa, off=0, size=4, bytes=[1:0x95]) "
7965000,PASS,"Data Alignment Verification","Alignment check passed",122,157,1,0,0xcc9e95aa,0,4,0x0000009e,0,1,0,0,0x0000009e,"(RX#122: data=0xcc9e95aa, off=0, size=4, bytes=[2:0x9e]) "
7975000,PASS,"Data Alignment Verification","Alignment check passed",122,158,1,0,0xcc9e95aa,0,4,0x000000cc,0,1,0,0,0x000000cc,"(RX#122: data=0xcc9e95aa, off=0, size=4, bytes=[3:0xcc]) "
7985000,PASS,"Data Alignment Verification","Alignment check passed",123,159,1,0,0x89a31090,3,1,0x00000089,0,1,0,0,0x00000089,"(RX#123: data=0x89a31090, off=3, size=1, bytes=[3:0x89]) "
7995000,PASS,"Data Alignment Verification","Alignment check passed",124,160,1,0,0x58a30904,2,1,0x000000a3,0,1,0,0,0x000000a3,"(RX#124: data=0x58a30904, off=2, size=1, bytes=[2:0xa3]) "
8005000,PASS,"Data Alignment Verification","Alignment check passed",125,161,1,0,0xb30fc0f1,1,1,0x000000c0,0,1,0,0,0x000000c0,"(RX#125: data=0xb30fc0f1, off=1, size=1, bytes=[1:0xc0]) "
8015000,PASS,"Data Alignment Verification","Alignment check passed",126,162,1,0,0xe941c379,0,1,0x00000079,0,1,0,0,0x00000079,"(RX#126: data=0xe941c379, off=0, size=1, bytes=[0:0x79]) "
8025000,PASS,"Data Alignment Verification","Alignment check passed",127,163,1,0,0x2fdbba5a,0,1,0x0000005a,0,1,0,0,0x0000005a,"(RX#127: data=0x2fdbba5a, off=0, size=1, bytes=[0:0x5a]) "
8035000,PASS,"Data Alignment Verification","Alignment check passed",128,164,1,0,0x43a388de,0,1,0x000000de,0,1,0,0,0x000000de,"(RX#128: data=0x43a388de, off=0, size=1, bytes=[0:0xde]) "
8045000,PASS,"Data Alignment Verification","Alignment check passed",129,165,1,0,0xb5ccd693,0,2,0x00000093,0,1,0,0,0x00000093,"(RX#129: data=0xb5ccd693, off=0, size=2, bytes=[0:0x93]) "
8055000,PASS,"Data Alignment Verification","Alignment check passed",129,166,1,0,0xb5ccd693,0,2,0x000000d6,0,1,0,0,0x000000d6,"(RX#129: data=0xb5ccd693, off=0, size=2, bytes=[1:0xd6]) "
8065000,PASS,"Data Alignment Verification","Alignment check passed",130,167,1,0,0x7662af1e,0,2,0x0000001e,0,1,0,0,0x0000001e,"(RX#130: data=0x7662af1e, off=0, size=2, bytes=[0:0x1e]) "
8075000,PASS,"Data Alignment Verification","Alignment check passed",130,168,1,0,0x7662af1e,0,2,0x000000af,0,1,0,0,0x000000af,"(RX#130: data=0x7662af1e, off=0, size=2, bytes=[1:0xaf]) "
8085000,PASS,"Data Alignment Verification","Alignment check passed",131,169,1,0,0x6bd3ae88,1,1,0x000000ae,0,1,0,0,0x000000ae,"(RX#131: data=0x6bd3ae88, off=1, size=1, bytes=[1:0xae]) "
8095000,PASS,"Data Alignment Verification","Alignment check passed",132,170,1,0,0xc3ad07e9,0,2,0x000000e9,0,1,0,0,0x000000e9,"(RX#132: data=0xc3ad07e9, off=0, size=2, bytes=[0:0xe9]) "
8105000,PASS,"Data Alignment Verification","Alignment check passed",132,171,1,0,0xc3ad07e9,0,2,0x00000007,0,1,0,0,0x00000007,"(RX#132: data=0xc3ad07e9, off=0, size=2, bytes=[1:0x07]) "
8115000,PASS,"Data Alignment Verification","Alignment check passed",133,172,1,0,0xa08700ac,0,4,0x000000ac,0,1,0,0,0x000000ac,"(RX#133: data=0xa08700ac, off=0, size=4, bytes=[0:0xac]) "
8125000,PASS,"Data Alignment Verification","Alignment check passed",133,173,1,0,0xa08700ac,0,4,0x00000000,0,1,0,0,0x00000000,"(RX#133: data=0xa08700ac, off=0, size=4, bytes=[1:0x00]) "
8135000,PASS,"Data Alignment Verification","Alignment check passed",133,174,1,0,0xa08700ac,0,4,0x00000087,0,1,0,0,0x00000087,"(RX#133: data=0xa08700ac, off=0, size=4, bytes=[2:0x87]) "
8145000,PASS,"Data Alignment Verification","Alignment check passed",133,175,1,0,0xa08700ac,0,4,0x000000a0,0,1,0,0,0x000000a0,"(RX#133: data=0xa08700ac, off=0, size=4, bytes=[3:0xa0]) "
8155000,PASS,"Data Alignment Verification","Alignment check passed",134,176,1,0,0x10964fbc,1,1,0x0000004f,0,1,0,0,0x0000004f,"(RX#134: data=0x10964fbc, off=1, size=1, bytes=[1:0x4f]) "
8165000,PASS,"Data Alignment Verification","Alignment check passed",135,177,1,0,0xe30e41f5,0,2,0x000000f5,0,1,0,0,0x000000f5,"(RX#135: data=0xe30e41f5, off=0, size=2, bytes=[0:0xf5]) "
8175000,PASS,"Data Alignment Verification","Alignment check passed",135,178,1,0,0xe30e41f5,0,2,0x00000041,0,1,0,0,0x00000041,"(RX#135: data=0xe30e41f5, off=0, size=2, bytes=[1:0x41]) "
8185000,PASS,"Data Alignment Verification","Alignment check passed",136,179,1,0,0xfe60df70,3,1,0x000000fe,0,1,0,0,0x000000fe,"(RX#136: data=0xfe60df70, off=3, size=1, bytes=[3:0xfe]) "
8195000,PASS,"Data Alignment Verification","Alignment check passed",137,180,1,0,0x0e5f0fda,0,1,0x000000da,0,1,0,0,0x000000da,"(RX#137: data=0x0e5f0fda, off=0, size=1, bytes=[0:0xda]) "
8205000,PASS,"Data Alignment Verification","Alignment check passed",138,181,1,0,0x644e4150,0,4,0x00000050,0,1,0,0,0x00000050,"(RX#138: data=0x644e4150, off=0, size=4, bytes=[0:0x50]) "
8215000,PASS,"Data Alignment Verification","Alignment check passed",138,182,1,0,0x644e4150,0,4,0x00000041,0,1,0,0,0x00000041,"(RX#138: data=0x644e4150, off=0, size=4, bytes=[1:0x41]) "
8225000,PASS,"Data Alignment Verification","Alignment check passed",138,183,1,0,0x644e4150,0,4,0x0000004e,0,1,0,0,0x0000004e,"(RX#138: data=0x644e4150, off=0, size=4, bytes=[2:0x4e]) "
8235000,PASS,"Data Alignment Verification","Alignment check passed",138,184,1,0,0x644e4150,0,4,0x00000064,0,1,0,0,0x00000064,"(RX#138: data=0x644e4150, off=0, size=4, bytes=[3:0x64]) "
8245000,PASS,"Data Alignment Verification","Alignment check passed",139,185,1,0,0x088874ef,2,1,0x00000088,0,1,0,0,0x00000088,"(RX#139: data=0x088874ef, off=2, size=1, bytes=[2:0x88]) "
8255000,PASS,"Data Alignment Verification","Alignment check passed",140,186,1,0,0x7a31def5,0,4,0x000000f5,0,1,0,0,0x000000f5,"(RX#140: data=0x7a31def5, off=0, size=4, bytes=[0:0xf5]) "
8265000,PASS,"Data Alignment Verification","Alignment check passed",140,187,1,0,0x7a31def5,0,4,0x000000de,0,1,0,0,0x000000de,"(RX#140: data=0x7a31def5, off=0, size=4, bytes=[1:0xde]) "
8275000,PASS,"Data Alignment Verification","Alignment check passed",140,188,1,0,0x7a31def5,0,4,0x00000031,0,1,0,0,0x00000031,"(RX#140: data=0x7a31def5, off=0, size=4, bytes=[2:0x31]) "
8285000,PASS,"Data Alignment Verification","Alignment check passed",140,189,1,0,0x7a31def5,0,4,0x0000007a,0,1,0,0,0x0000007a,"(RX#140: data=0x7a31def5, off=0, size=4, bytes=[3:0x7a]) "
8295000,PASS,"Data Alignment Verification","Alignment check passed",141,190,1,0,0x325f4bfa,2,1,0x0000005f,0,1,0,0,0x0000005f,"(RX#141: data=0x325f4bfa, off=2, size=1, bytes=[2:0x5f]) "
8305000,PASS,"Data Alignment Verification","Alignment check passed",142,191,1,0,0x3274137d,0,1,0x0000007d,0,1,0,0,0x0000007d,"(RX#142: data=0x3274137d, off=0, size=1, bytes=[0:0x7d]) "
8315000,PASS,"Data Alignment Verification","Alignment check passed",143,192,1,0,0x6c0bb844,2,1,0x0000000b,0,1,0,0,0x0000000b,"(RX#143: data=0x6c0bb844, off=2, size=1, bytes=[2:0x0b]) "
8325000,PASS,"Data Alignment Verification","Alignment check passed",144,193,1,0,0xefada734,2,1,0x000000ad,0,1,0,0,0x000000ad,"(RX#144: data=0xefada734, off=2, size=1, bytes=[2:0xad]) "
8335000,PASS,"Data Alignment Verification","Alignment check passed",145,194,1,0,0x50b671ac,2,2,0x000000b6,0,1,0,0,0x000000b6,"(RX#145: data=0x50b671ac, off=2, size=2, bytes=[2:0xb6]) "
8345000,PASS,"Data Alignment Verification","Alignment check passed",145,195,1,0,0x50b671ac,2,2,0x00000050,0,1,0,0,0x00000050,"(RX#145: data=0x50b671ac, off=2, size=2, bytes=[3:0x50]) "
8355000,PASS,"Data Alignment Verification","Alignment check passed",146,196,1,0,0x8b56b91e,0,2,0x0000001e,0,1,0,0,0x0000001e,"(RX#146: data=0x8b56b91e, off=0, size=2, bytes=[0:0x1e]) "
8365000,PASS,"Data Alignment Verification","Alignment check passed",146,197,1,0,0x8b56b91e,0,2,0x000000b9,0,1,0,0,0x000000b9,"(RX#146: data=0x8b56b91e, off=0, size=2, bytes=[1:0xb9]) "
8375000,PASS,"Data Alignment Verification","Alignment check passed",147,198,1,0,0xa4d819d4,3,1,0x000000a4,0,1,0,0,0x000000a4,"(RX#147: data=0xa4d819d4, off=3, size=1, bytes=[3:0xa4]) "
8385000,PASS,"Data Alignment Verification","Alignment check passed",148,199,1,0,0xb5acfc8c,0,1,0x0000008c,0,1,0,0,0x0000008c,"(RX#148: data=0xb5acfc8c, off=0, size=1, bytes=[0:0x8c]) "
8395000,PASS,"Data Alignment Verification","Alignment check passed",149,200,1,0,0x06a5d5a9,2,1,0x000000a5,0,1,0,0,0x000000a5,"(RX#149: data=0x06a5d5a9, off=2, size=1, bytes=[2:0xa5]) "
8405000,PASS,"Data Alignment Verification","Alignment check passed",150,201,1,0,0x487f9a56,2,1,0x0000007f,0,1,0,0,0x0000007f,"(RX#150: data=0x487f9a56, off=2, size=1, bytes=[2:0x7f]) "
8415000,PASS,"Data Alignment Verification","Alignment check passed",151,202,1,0,0xc1c7aa17,2,1,0x000000c7,0,1,0,0,0x000000c7,"(RX#151: data=0xc1c7aa17, off=2, size=1, bytes=[2:0xc7]) "
8425000,PASS,"Data Alignment Verification","Alignment check passed",152,203,1,0,0x86f41669,1,1,0x00000016,0,1,0,0,0x00000016,"(RX#152: data=0x86f41669, off=1, size=1, bytes=[1:0x16]) "
8435000,PASS,"Data Alignment Verification","Alignment check passed",153,204,1,0,0x10a3e074,3,1,0x00000010,0,1,0,0,0x00000010,"(RX#153: data=0x10a3e074, off=3, size=1, bytes=[3:0x10]) "
8445000,PASS,"Data Alignment Verification","Alignment check passed",154,205,1,0,0xeeb2a1db,2,2,0x000000b2,0,1,0,0,0x000000b2,"(RX#154: data=0xeeb2a1db, off=2, size=2, bytes=[2:0xb2]) "
8455000,PASS,"Data Alignment Verification","Alignment check passed",154,206,1,0,0xeeb2a1db,2,2,0x000000ee,0,1,0,0,0x000000ee,"(RX#154: data=0xeeb2a1db, off=2, size=2, bytes=[3:0xee]) "
8465000,PASS,"Data Alignment Verification","Alignment check passed",155,207,1,0,0xdff512c0,0,2,0x000000c0,0,1,0,0,0x000000c0,"(RX#155: data=0xdff512c0, off=0, size=2, bytes=[0:0xc0]) "
8475000,PASS,"Data Alignment Verification","Alignment check passed",155,208,1,0,0xdff512c0,0,2,0x00000012,0,1,0,0,0x00000012,"(RX#155: data=0xdff512c0, off=0, size=2, bytes=[1:0x12]) "
8485000,PASS,"Data Alignment Verification","Alignment check passed",156,209,1,0,0x0a2c82c9,0,4,0x000000c9,0,1,0,0,0x000000c9,"(RX#156: data=0x0a2c82c9, off=0, size=4, bytes=[0:0xc9]) "
8495000,PASS,"Data Alignment Verification","Alignment check passed",156,210,1,0,0x0a2c82c9,0,4,0x00000082,0,1,0,0,0x00000082,"(RX#156: data=0x0a2c82c9, off=0, size=4, bytes=[1:0x82]) "
8505000,PASS,"Data Alignment Verification","Alignment check passed",156,211,1,0,0x0a2c82c9,0,4,0x0000002c,0,1,0,0,0x0000002c,"(RX#156: data=0x0a2c82c9, off=0, size=4, bytes=[2:0x2c]) "
8515000,PASS,"Data Alignment Verification","Alignment check passed",156,212,1,0,0x0a2c82c9,0,4,0x0000000a,0,1,0,0,0x0000000a,"(RX#156: data=0x0a2c82c9, off=0, size=4, bytes=[3:0x0a]) "
8525000,PASS,"Data Alignment Verification","Alignment check passed",157,213,1,0,0x8dc349e5,2,1,0x000000c3,0,1,0,0,0x000000c3,"(RX#157: data=0x8dc349e5, off=2, size=1, bytes=[2:0xc3]) "
8535000,PASS,"Data Alignment Verification","Alignment check passed",158,214,1,0,0x362f8fd8,1,1,0x0000008f,0,1,0,0,0x0000008f,"(RX#158: data=0x362f8fd8, off=1, size=1, bytes=[1:0x8f]) "
8545000,PASS,"Data Alignment Verification","Alignment check passed",159,215,1,0,0xe6d01b1f,3,1,0x000000e6,0,1,0,0,0x000000e6,"(RX#159: data=0xe6d01b1f, off=3, size=1, bytes=[3:0xe6]) "
8555000,PASS,"Data Alignment Verification","Alignment check passed",160,216,1,0,0x04f26492,1,1,0x00000064,0,1,0,0,0x00000064,"(RX#160: data=0x04f26492, off=1, size=1, bytes=[1:0x64]) "
8565000,PASS,"Data Alignment Verification","Alignment check passed",161,217,1,0,0x5ea848f8,0,1,0x000000f8,0,1,0,0,0x000000f8,"(RX#161: data=0x5ea848f8, off=0, size=1, bytes=[0:0xf8]) "
8575000,PASS,"Data Alignment Verification","Alignment check passed",162,218,1,0,0xd13e4207,2,2,0x0000003e,0,1,0,0,0x0000003e,"(RX#162: data=0xd13e4207, off=2, size=2, bytes=[2:0x3e]) "
8585000,PASS,"Data Alignment Verification","Alignment check passed",162,219,1,0,0xd13e4207,2,2,0x000000d1,0,1,0,0,0x000000d1,"(RX#162: data=0xd13e4207, off=2, size=2, bytes=[3:0xd1]) "
8595000,PASS,"Data Alignment Verification","Alignment check passed",163,220,1,0,0x43fe3e10,1,1,0x0000003e,0,1,0,0,0x0000003e,"(RX#163: data=0x43fe3e10, off=1, size=1, bytes=[1:0x3e]) "
8605000,PASS,"Data Alignment Verification","Alignment check passed",164,221,1,0,0x70792bd0,3,1,0x00000070,0,1,0,0,0x00000070,"(RX#164: data=0x70792bd0, off=3, size=1, bytes=[3:0x70]) "
8615000,PASS,"Data Alignment Verification","Alignment check passed",165,222,1,0,0xfd9d33c3,0,4,0x000000c3,0,1,0,0,0x000000c3,"(RX#165: data=0xfd9d33c3, off=0, size=4, bytes=[0:0xc3]) "
8625000,PASS,"Data Alignment Verification","Alignment check passed",165,223,1,0,0xfd9d33c3,0,4,0x00000033,0,1,0,0,0x00000033,"(RX#165: data=0xfd9d33c3, off=0, size=4, bytes=[1:0x33]) "
8635000,PASS,"Data Alignment Verification","Alignment check passed",165,224,1,0,0xfd9d33c3,0,4,0x0000009d,0,1,0,0,0x0000009d,"(RX#165: data=0xfd9d33c3, off=0, size=4, bytes=[2:0x9d]) "
8645000,PASS,"Data Alignment Verification","Alignment check passed",165,225,1,0,0xfd9d33c3,0,4,0x000000fd,0,1,0,0,0x000000fd,"(RX#165: data=0xfd9d33c3, off=0, size=4, bytes=[3:0xfd]) "
10035000,FAIL,"Illegal Transfer Detection","Illegal transfer NOT detected (off=2,size=3)",166,0,2,2,0xab5f3dd4,2,3,NA,NA,NA,0,0,0x00000000,""
10045000,PASS,"Illegal Transfer Detection","Illegal transfer correctly detected",167,0,2,2,0xcd8ccc4e,1,6,NA,NA,NA,0,0,0x00000000,""
10055000,FAIL,"Illegal Transfer Detection","Illegal transfer NOT detected (off=1,size=5)",168,0,2,2,0x5f535868,1,5,NA,NA,NA,0,0,0x00000000,""
10065000,FAIL,"Data Alignment Verification","TX data mismatch: expected 0x89220000, got 0xab5f0000",169,226,2,2,0x6e458922,0,2,0xab5f0000,2,2,0,0,0x89220000,"(RX#169: data=0x6e458922, off=0, size=2, bytes=[0:0x22, 1:0x89]) "
10085000,PASS,"Illegal Transfer Detection","Illegal transfer correctly detected",171,0,2,2,0x01d0f2a6,0,3,NA,NA,NA,0,0,0x00000000,""
10085000,FAIL,"Data Alignment Verification","TX data mismatch: expected 0x89220000, got 0x58000000",169,227,2,2,0x6e458922,0,2,0x58000000,2,2,0,0,0x89220000,"(RX#169: data=0x6e458922, off=0, size=2, bytes=[0:0x22, 1:0x89]) "
10095000,FAIL,"Illegal Transfer Detection","Illegal transfer NOT detected (off=2,size=3)",172,0,2,2,0xb9ef196f,2,3,NA,NA,NA,0,0,0x00000000,""
10095000,FAIL,"Data Alignment Verification","TX data mismatch: expected 0x89220000, got 0x5f530000",169,228,2,2,0x6e458922,0,2,0x5f530000,2,2,0,0,0x89220000,"(RX#169: data=0x6e458922, off=0, size=2, bytes=[0:0x22, 1:0x89]) "
10105000,PASS,"Illegal Transfer Detection","Illegal transfer correctly detected",173,0,2,2,0xaf06b545,1,3,NA,NA,NA,0,0,0x00000000,""
10105000,FAIL,"Data Alignment Verification","TX data mismatch: expected 0x89220000, got 0x00000000",169,229,2,2,0x6e458922,0,2,0x00000000,2,2,0,0,0x89220000,"(RX#169: data=0x6e458922, off=0, size=2, bytes=[0:0x22, 1:0x89]) "
10115000,PASS,"Illegal Transfer Detection","Illegal transfer correctly detected",174,0,2,2,0x87e53347,2,7,NA,NA,NA,0,0,0x00000000,""
10115000,PASS,"Data Alignment Verification","Alignment check passed",169,230,2,2,0x6e458922,0,2,0x89220000,2,2,0,0,0x89220000,"(RX#169: data=0x6e458922, off=0, size=2, bytes=[0:0x22, 1:0x89]) "
10125000,FAIL,"Illegal Transfer Detection","Illegal transfer NOT detected (off=2,size=3)",175,0,2,2,0xef363648,2,3,NA,NA,NA,0,0,0x00000000,""
10135000,FAIL,"Illegal Transfer Detection","Illegal transfer NOT detected (off=3,size=7)",176,0,2,2,0x47275efc,3,7,NA,NA,NA,0,0,0x00000000,""
10135000,FAIL,"Data Alignment Verification","Not enough RX bytes for TX: need 2, have 1",170,231,2,2,0xb7a10a32,1,1,0xef0a0000,2,2,0,0,0x00000000,"Bytes disponibles=1, requeridos=2"
10145000,FAIL,"Illegal Transfer Detection","Illegal transfer NOT detected (off=3,size=7)",177,0,2,2,0xf873c10b,3,7,NA,NA,NA,0,0,0x00000000,""
10145000,FAIL,"Data Alignment Verification","Not enough RX bytes for TX: need 2, have 1",170,232,2,2,0xb7a10a32,1,1,0x00b90000,2,2,0,0,0x00000000,"Bytes disponibles=1, requeridos=2"
10155000,PASS,"Illegal Transfer Detection","Illegal transfer correctly detected",178,0,2,2,0x88f9125f,1,7,NA,NA,NA,0,0,0x00000000,""
10155000,FAIL,"Data Alignment Verification","Not enough RX bytes for TX: need 2, have 1",170,233,2,2,0xb7a10a32,1,1,0xef360000,2,2,0,0,0x00000000,"Bytes disponibles=1, requeridos=2"
10165000,PASS,"Illegal Transfer Detection","Illegal transfer correctly detected",179,0,2,2,0x4968176d,2,4,NA,NA,NA,0,0,0x00000000,""
10175000,PASS,"Illegal Transfer Detection","Illegal transfer correctly detected",180,0,2,2,0xde9110ca,3,2,NA,NA,NA,0,0,0x00000000,""
10175000,FAIL,"Data Alignment Verification","Not enough RX bytes for TX: need 2, have 1",170,234,2,2,0xb7a10a32,1,1,0x47000000,2,2,0,0,0x00000000,"Bytes disponibles=1, requeridos=2"
10185000,PASS,"Illegal Transfer Detection","Illegal transfer correctly detected",181,0,2,2,0xf4cba956,0,0,NA,NA,NA,0,0,0x00000000,""
10185000,FAIL,"Data Alignment Verification","Not enough RX bytes for TX: need 2, have 1",170,235,2,2,0xb7a10a32,1,1,0x00000000,2,2,0,0,0x00000000,"Bytes disponibles=1, requeridos=2"
10195000,FAIL,"Illegal Transfer Detection","Illegal transfer NOT detected (off=3,size=7)",182,0,2,2,0xe0d68f48,3,7,NA,NA,NA,0,0,0x00000000,""
10195000,FAIL,"Data Alignment Verification","Not enough RX bytes for TX: need 2, have 1",170,236,2,2,0xb7a10a32,1,1,0x00000000,2,2,0,0,0x00000000,"Bytes disponibles=1, requeridos=2"
10205000,PASS,"Illegal Transfer Detection","Illegal transfer correctly detected",183,0,2,2,0xc59e562d,1,2,NA,NA,NA,0,0,0x00000000,""
10205000,FAIL,"Data Alignment Verification","Not enough RX bytes for TX: need 2, have 1",170,237,2,2,0xb7a10a32,1,1,0x00000000,2,2,0,0,0x00000000,"Bytes disponibles=1, requeridos=2"
10215000,PASS,"Illegal Transfer Detection","Illegal transfer correctly detected",184,0,2,2,0x8fe6a539,0,7,NA,NA,NA,0,0,0x00000000,""
10215000,FAIL,"Data Alignment Verification","Not enough RX bytes for TX: need 2, have 1",170,238,2,2,0xb7a10a32,1,1,0x00f80000,2,2,0,0,0x00000000,"Bytes disponibles=1, requeridos=2"
10225000,PASS,"Illegal Transfer Detection","Illegal transfer correctly detected",185,0,2,2,0x1464bf79,3,4,NA,NA,NA,0,0,0x00000000,""
10225000,FAIL,"Data Alignment Verification","Not enough RX bytes for TX: need 2, have 1",170,239,2,2,0xb7a10a32,1,1,0x00000000,2,2,0,0,0x00000000,"Bytes disponibles=1, requeridos=2"
10235000,PASS,"Illegal Transfer Detection","Illegal transfer correctly detected",186,0,2,2,0x2aab11b0,1,4,NA,NA,NA,0,0,0x00000000,""
10235000,FAIL,"Data Alignment Verification","Not enough RX bytes for TX: need 2, have 1",170,240,2,2,0xb7a10a32,1,1,0x00000000,2,2,0,0,0x00000000,"Bytes disponibles=1, requeridos=2"
10245000,FAIL,"Illegal Transfer Detection","Illegal transfer NOT detected (off=3,size=7)",187,0,2,2,0x42d8c7a5,3,7,NA,NA,NA,0,0,0x00000000,""
10255000,FAIL,"Illegal Transfer Detection","Illegal transfer NOT detected (off=2,size=3)",188,0,2,2,0x7078d512,2,3,NA,NA,NA,0,0,0x00000000,""
10255000,FAIL,"Data Alignment Verification","Not enough RX bytes for TX: need 2, have 1",170,241,2,2,0xb7a10a32,1,1,0xe0000000,2,2,0,0,0x00000000,"Bytes disponibles=1, requeridos=2"
10265000,PASS,"Illegal Transfer Detection","Illegal transfer correctly detected",189,0,2,2,0x56e04a19,1,2,NA,NA,NA,0,0,0x00000000,""
10265000,FAIL,"Data Alignment Verification","Not enough RX bytes for TX: need 2, have 1",170,242,2,2,0xb7a10a32,1,1,0x00000000,2,2,0,0,0x00000000,"Bytes disponibles=1, requeridos=2"
10275000,PASS,"Illegal Transfer Detection","Illegal transfer correctly detected",190,0,2,2,0x982fe13b,3,0,NA,NA,NA,0,0,0x00000000,""
10275000,FAIL,"Data Alignment Verification","Not enough RX bytes for TX: need 2, have 1",170,243,2,2,0xb7a10a32,1,1,0x00000000,2,2,0,0,0x00000000,"Bytes disponibles=1, requeridos=2"
10285000,PASS,"Illegal Transfer Detection","Illegal transfer correctly detected",191,0,2,2,0xb977a07f,3,3,NA,NA,NA,0,0,0x00000000,""
10285000,FAIL,"Data Alignment Verification","Not enough RX bytes for TX: need 2, have 1",170,244,2,2,0xb7a10a32,1,1,0x00000000,2,2,0,0,0x00000000,"Bytes disponibles=1, requeridos=2"
10295000,FAIL,"Data Alignment Verification","TX data mismatch: expected 0x7e0a0000, got 0x00420000",170,245,2,2,0xb7a10a32,1,1,0x00420000,2,2,0,0,0x7e0a0000,"(RX#170: data=0xb7a10a32, off=1, size=1, bytes=[1:0x0a]) (RX#192: data=0x867ecd88, off=2, size=2, bytes=[2:0x7e]) "
10305000,PASS,"Illegal Transfer Detection","Illegal transfer correctly detected",193,0,2,2,0x29b3b475,2,0,NA,NA,NA,0,0,0x00000000,""
10305000,FAIL,"Data Alignment Verification","TX data mismatch: expected 0x7e0a0000, got 0x00000000",170,246,2,2,0xb7a10a32,1,1,0x00000000,2,2,0,0,0x7e0a0000,"(RX#170: data=0xb7a10a32, off=1, size=1, bytes=[1:0x0a]) (RX#192: data=0x867ecd88, off=2, size=2, bytes=[2:0x7e]) "
10315000,PASS,"Illegal Transfer Detection","Illegal transfer correctly detected",194,0,2,2,0xcef7c7e8,3,2,NA,NA,NA,0,0,0x00000000,""
10315000,FAIL,"Data Alignment Verification","TX data mismatch: expected 0x7e0a0000, got 0x00000000",170,247,2,2,0xb7a10a32,1,1,0x00000000,2,2,0,0,0x7e0a0000,"(RX#170: data=0xb7a10a32, off=1, size=1, bytes=[1:0x0a]) (RX#192: data=0x867ecd88, off=2, size=2, bytes=[2:0x7e]) "
10325000,PASS,"Illegal Transfer Detection","Illegal transfer correctly detected",195,0,2,2,0x8700f38a,2,7,NA,NA,NA,0,0,0x00000000,""
10335000,PASS,"Illegal Transfer Detection","Illegal transfer correctly detected",196,0,2,2,0xed1e8036,3,6,NA,NA,NA,0,0,0x00000000,""
10335000,FAIL,"Data Alignment Verification","TX data mismatch: expected 0x7e0a0000, got 0x78000000",170,248,2,2,0xb7a10a32,1,1,0x78000000,2,2,0,0,0x7e0a0000,"(RX#170: data=0xb7a10a32, off=1, size=1, bytes=[1:0x0a]) (RX#192: data=0x867ecd88, off=2, size=2, bytes=[2:0x7e]) "
10345000,FAIL,"Data Alignment Verification","TX data mismatch: expected 0x7e0a0000, got 0x00700000",170,249,2,2,0xb7a10a32,1,1,0x00700000,2,2,0,0,0x7e0a0000,"(RX#170: data=0xb7a10a32, off=1, size=1, bytes=[1:0x0a]) (RX#192: data=0x867ecd88, off=2, size=2, bytes=[2:0x7e]) "
10355000,PASS,"Illegal Transfer Detection","Illegal transfer correctly detected",198,0,2,2,0xdfa6f6d5,1,0,NA,NA,NA,0,0,0x00000000,""
10355000,FAIL,"Data Alignment Verification","TX data mismatch: expected 0x7e0a0000, got 0x867e0000",170,250,2,2,0xb7a10a32,1,1,0x867e0000,2,2,0,0,0x7e0a0000,"(RX#170: data=0xb7a10a32, off=1, size=1, bytes=[1:0x0a]) (RX#192: data=0x867ecd88, off=2, size=2, bytes=[2:0x7e]) "
10375000,PASS,"Illegal Transfer Detection","Illegal transfer correctly detected",200,0,2,2,0x67eb0e22,3,3,NA,NA,NA,0,0,0x00000000,""
10375000,FAIL,"Data Alignment Verification","TX data mismatch: expected 0x7e0a0000, got 0x26650000",170,251,2,2,0xb7a10a32,1,1,0x26650000,2,2,0,0,0x7e0a0000,"(RX#170: data=0xb7a10a32, off=1, size=1, bytes=[1:0x0a]) (RX#192: data=0x867ecd88, off=2, size=2, bytes=[2:0x7e]) "
10385000,PASS,"Illegal Transfer Detection","Illegal transfer correctly detected",201,0,2,2,0x3482a2ad,1,0,NA,NA,NA,0,0,0x00000000,""
10395000,PASS,"Illegal Transfer Detection","Illegal transfer correctly detected",202,0,2,2,0xa0e34533,1,6,NA,NA,NA,0,0,0x00000000,""
10395000,FAIL,"Data Alignment Verification","TX data mismatch: expected 0x7e0a0000, got 0x462a0000",170,252,2,2,0xb7a10a32,1,1,0x462a0000,2,2,0,0,0x7e0a0000,"(RX#170: data=0xb7a10a32, off=1, size=1, bytes=[1:0x0a]) (RX#192: data=0x867ecd88, off=2, size=2, bytes=[2:0x7e]) "
10405000,FAIL,"Data Alignment Verification","TX data mismatch: expected 0x7e0a0000, got 0x616e0000",170,253,2,2,0xb7a10a32,1,1,0x616e0000,2,2,0,0,0x7e0a0000,"(RX#170: data=0xb7a10a32, off=1, size=1, bytes=[1:0x0a]) (RX#192: data=0x867ecd88, off=2, size=2, bytes=[2:0x7e]) "
10415000,FAIL,"Illegal Transfer Detection","Illegal transfer NOT detected (off=1,size=5)",204,0,2,2,0xb8316092,1,5,NA,NA,NA,0,0,0x00000000,""
10425000,PASS,"Illegal Transfer Detection","Illegal transfer correctly detected",205,0,2,2,0x02cc0ccb,1,6,NA,NA,NA,0,0,0x00000000,""
10435000,FAIL,"Data Alignment Verification","TX data mismatch: expected 0x7e0a0000, got 0xe9d40000",170,254,2,2,0xb7a10a32,1,1,0xe9d40000,2,2,0,0,0x7e0a0000,"(RX#170: data=0xb7a10a32, off=1, size=1, bytes=[1:0x0a]) (RX#192: data=0x867ecd88, off=2, size=2, bytes=[2:0x7e]) "
10445000,FAIL,"Data Alignment Verification","TX data mismatch: expected 0x7e0a0000, got 0x31600000",170,255,2,2,0xb7a10a32,1,1,0x31600000,2,2,0,0,0x7e0a0000,"(RX#170: data=0xb7a10a32, off=1, size=1, bytes=[1:0x0a]) (RX#192: data=0x867ecd88, off=2, size=2, bytes=[2:0x7e]) "
10455000,PASS,"Illegal Transfer Detection","Illegal transfer correctly detected",208,0,2,2,0x99e4b29b,0,0,NA,NA,NA,0,0,0x00000000,""
10455000,FAIL,"Data Alignment Verification","TX data mismatch: expected 0x7e0a0000, got 0x00b80000",170,256,2,2,0xb7a10a32,1,1,0x00b80000,2,2,0,0,0x7e0a0000,"(RX#170: data=0xb7a10a32, off=1, size=1, bytes=[1:0x0a]) (RX#192: data=0x867ecd88, off=2, size=2, bytes=[2:0x7e]) "
10465000,PASS,"Illegal Transfer Detection","Illegal transfer correctly detected",209,0,2,2,0x199b78c7,1,4,NA,NA,NA,0,0,0x00000000,""
10475000,PASS,"Illegal Transfer Detection","Illegal transfer correctly detected",210,0,2,2,0xda2a8200,2,7,NA,NA,NA,0,0,0x00000000,""
10475000,FAIL,"Data Alignment Verification","TX data mismatch: expected 0x7e0a0000, got 0x65000000",170,257,2,2,0xb7a10a32,1,1,0x65000000,2,2,0,0,0x7e0a0000,"(RX#170: data=0xb7a10a32, off=1, size=1, bytes=[1:0x0a]) (RX#192: data=0x867ecd88, off=2, size=2, bytes=[2:0x7e]) "
10485000,FAIL,"Data Alignment Verification","TX data mismatch: expected 0x7e0a0000, got 0x10910000",170,258,2,2,0xb7a10a32,1,1,0x10910000,2,2,0,0,0x7e0a0000,"(RX#170: data=0xb7a10a32, off=1, size=1, bytes=[1:0x0a]) (RX#192: data=0x867ecd88, off=2, size=2, bytes=[2:0x7e]) "
10495000,FAIL,"Illegal Transfer Detection","Illegal transfer NOT detected (off=3,size=7)",212,0,2,2,0x46c811b2,3,7,NA,NA,NA,0,0,0x00000000,""
10505000,PASS,"Illegal Transfer Detection","Illegal transfer correctly detected",213,0,2,2,0x78ac2aaf,3,6,NA,NA,NA,0,0,0x00000000,""
10505000,FAIL,"Data Alignment Verification","TX data mismatch: expected 0x7e0a0000, got 0x914f0000",170,259,2,2,0xb7a10a32,1,1,0x914f0000,2,2,0,0,0x7e0a0000,"(RX#170: data=0xb7a10a32, off=1, size=1, bytes=[1:0x0a]) (RX#192: data=0x867ecd88, off=2, size=2, bytes=[2:0x7e]) "
10515000,FAIL,"Illegal Transfer Detection","Illegal transfer NOT detected (off=1,size=5)",214,0,2,2,0x12a9c50d,1,5,NA,NA,NA,0,0,0x00000000,""
10525000,PASS,"Illegal Transfer Detection","Illegal transfer correctly detected",215,0,2,2,0x945ca11e,3,3,NA,NA,NA,0,0,0x00000000,""
10525000,FAIL,"Data Alignment Verification","TX data mismatch: expected 0x7e0a0000, got 0x92de0000",170,260,2,2,0xb7a10a32,1,1,0x92de0000,2,2,0,0,0x7e0a0000,"(RX#170: data=0xb7a10a32, off=1, size=1, bytes=[1:0x0a]) (RX#192: data=0x867ecd88, off=2, size=2, bytes=[2:0x7e]) "
10535000,FAIL,"Data Alignment Verification","TX data mismatch: expected 0x7e0a0000, got 0x00460000",170,261,2,2,0xb7a10a32,1,1,0x00460000,2,2,0,0,0x7e0a0000,"(RX#170: data=0xb7a10a32, off=1, size=1, bytes=[1:0x0a]) (RX#192: data=0x867ecd88, off=2, size=2, bytes=[2:0x7e]) "
10545000,FAIL,"Data Alignment Verification","TX data mismatch: expected 0x7e0a0000, got 0x00000000",170,262,2,2,0xb7a10a32,1,1,0x00000000,2,2,0,0,0x7e0a0000,"(RX#170: data=0xb7a10a32, off=1, size=1, bytes=[1:0x0a]) (RX#192: data=0x867ecd88, off=2, size=2, bytes=[2:0x7e]) "
10555000,FAIL,"Data Alignment Verification","TX data mismatch: expected 0x7e0a0000, got 0x00000000",170,263,2,2,0xb7a10a32,1,1,0x00000000,2,2,0,0,0x7e0a0000,"(RX#170: data=0xb7a10a32, off=1, size=1, bytes=[1:0x0a]) (RX#192: data=0x867ecd88, off=2, size=2, bytes=[2:0x7e]) "
10575000,FAIL,"Data Alignment Verification","TX data mismatch: expected 0x7e0a0000, got 0xc5000000",170,264,2,2,0xb7a10a32,1,1,0xc5000000,2,2,0,0,0x7e0a0000,"(RX#170: data=0xb7a10a32, off=1, size=1, bytes=[1:0x0a]) (RX#192: data=0x867ecd88, off=2, size=2, bytes=[2:0x7e]) "
10585000,FAIL,"Data Alignment Verification","TX data mismatch: expected 0x7e0a0000, got 0x12a90000",170,265,2,2,0xb7a10a32,1,1,0x12a90000,2,2,0,0,0x7e0a0000,"(RX#170: data=0xb7a10a32, off=1, size=1, bytes=[1:0x0a]) (RX#192: data=0x867ecd88, off=2, size=2, bytes=[2:0x7e]) "
10595000,FAIL,"Data Alignment Verification","TX data mismatch: expected 0x7e0a0000, got 0x00000000",170,266,2,2,0xb7a10a32,1,1,0x00000000,2,2,0,0,0x7e0a0000,"(RX#170: data=0xb7a10a32, off=1, size=1, bytes=[1:0x0a]) (RX#192: data=0x867ecd88, off=2, size=2, bytes=[2:0x7e]) "
